{"temperature_c":51.334,"vibration_rms_mm_s":0.6159,"pressure_bar":4.8038,"torque_nm":22.714,"motor_current_a":11.115,"temperature_c_roll_mean_1h":51.334,"temperature_c_ema_1h":51.334,"temperature_c_roll_mean_6h":50.8116666667,"temperature_c_roll_std_6h":0.8751152305,"temperature_c_ema_6h":51.0316968843,"temperature_c_roll_mean_12h":50.8206666667,"temperature_c_roll_std_12h":0.6574769036,"temperature_c_ema_12h":50.8668843425,"temperature_c_lag_1":50.849,"temperature_c_lag_2":52.262,"vibration_rms_mm_s_roll_mean_1h":0.6159,"vibration_rms_mm_s_ema_1h":0.6159,"vibration_rms_mm_s_roll_mean_6h":0.6722666667,"vibration_rms_mm_s_roll_std_6h":0.1139714467,"vibration_rms_mm_s_ema_6h":0.6293717211,"vibration_rms_mm_s_roll_mean_12h":0.6332666667,"vibration_rms_mm_s_roll_std_12h":0.090864718,"vibration_rms_mm_s_ema_12h":0.633847271,"vibration_rms_mm_s_lag_1":0.6021,"vibration_rms_mm_s_lag_2":0.534,"pressure_bar_roll_mean_1h":4.8038,"pressure_bar_ema_1h":4.8038,"pressure_bar_roll_mean_6h":4.88675,"pressure_bar_roll_std_6h":0.1559726354,"pressure_bar_ema_6h":4.8843975769,"pressure_bar_roll_mean_12h":4.91335,"pressure_bar_roll_std_12h":0.1457533315,"pressure_bar_ema_12h":4.8931483171,"pressure_bar_lag_1":4.7722,"pressure_bar_lag_2":5.1751}